-- phpMyAdmin SQL Dump
-- version 5.1.4-dev+20220506.7411e59123
-- https://www.phpmyadmin.net/
--
-- Servidor: localhost
-- Tiempo de generación: 12-06-2022 a las 10:11:02
-- Versión del servidor: 10.4.24-MariaDB
-- Versión de PHP: 8.1.4

SET SQL_MODE = "NO_AUTO_VALUE_ON_ZERO";
START TRANSACTION;
SET time_zone = "+00:00";


/*!40101 SET @OLD_CHARACTER_SET_CLIENT=@@CHARACTER_SET_CLIENT */;
/*!40101 SET @OLD_CHARACTER_SET_RESULTS=@@CHARACTER_SET_RESULTS */;
/*!40101 SET @OLD_COLLATION_CONNECTION=@@COLLATION_CONNECTION */;
/*!40101 SET NAMES utf8mb4 */;

--
-- Base de datos: `trabajobiblio`
--

-- --------------------------------------------------------

--
-- Estructura de tabla para la tabla `autor`
--

CREATE TABLE `autor` (
  `id` int(11) NOT NULL,
  `autor` varchar(150) NOT NULL
) ENGINE=InnoDB DEFAULT CHARSET=utf8mb4;

--
-- Volcado de datos para la tabla `autor`
--

INSERT INTO `autor` (`id`, `autor`) VALUES
(1, 'JOSE ANTONIO GONAZALEZ'),
(2, 'SERGIO TALENS'),
(3, 'UNIVERSIDAD DE ALICANTE'),
(4, 'LINDA OLIVARES');

-- --------------------------------------------------------

--
-- Estructura de tabla para la tabla `editorial`
--

CREATE TABLE `editorial` (
  `id` int(11) NOT NULL,
  `editorial` varchar(150) NOT NULL
) ENGINE=InnoDB DEFAULT CHARSET=utf8mb4;

--
-- Volcado de datos para la tabla `editorial`
--

INSERT INTO `editorial` (`id`, `editorial`) VALUES
(1, 'AMC EDITORES'),
(2, 'ANDORRA'),
(3, 'AMORES LIBRO'),
(4, 'AMASTES DEL PAIS');

-- --------------------------------------------------------

--
-- Estructura de tabla para la tabla `empresa`
--

CREATE TABLE `empresa` (
  `id` int(11) NOT NULL,
  `ruc` varchar(20) NOT NULL,
  `nombre` varchar(150) NOT NULL,
  `telefono` varchar(20) NOT NULL,
  `correo` varchar(50) NOT NULL,
  `direccion` varchar(255) NOT NULL
) ENGINE=InnoDB DEFAULT CHARSET=utf8mb4;

--
-- Volcado de datos para la tabla `empresa`
--

INSERT INTO `empresa` (`id`, `ruc`, `nombre`, `telefono`, `correo`, `direccion`) VALUES
(1, '9674568', 'ABCBiblio', '63541289', 'admin@hotmail.com', 'Murcia-España');

-- --------------------------------------------------------

--
-- Estructura de tabla para la tabla `estudiantes`
--

CREATE TABLE `estudiantes` (
  `id` int(11) NOT NULL,
  `documento` varchar(20) NOT NULL,
  `codigo` varchar(20) NOT NULL,
  `nombre` varchar(150) NOT NULL,
  `telefono` varchar(20) NOT NULL,
  `carrera` varchar(150) NOT NULL
) ENGINE=InnoDB DEFAULT CHARSET=utf8mb4;

--
-- Volcado de datos para la tabla `estudiantes`
--

INSERT INTO `estudiantes` (`id`, `documento`, `codigo`, `nombre`, `telefono`, `carrera`) VALUES
(1, '12345678', '02584', 'Juan Angel Sifuentes Flores', '900897537', 'Ingenieria de Sistemas'),
(2, '32154789', 'p7889', 'Jose Peres Solis', '925491523', 'Administración'),
(3, '546645987', 'Po788', 'Maria Vega Solis', '987654123', 'Ingenieria Informatica');

-- --------------------------------------------------------

--
-- Estructura de tabla para la tabla `libros`
--

CREATE TABLE `libros` (
  `id` int(11) NOT NULL,
  `titulo` varchar(255) NOT NULL,
  `id_editorial` int(11) NOT NULL,
  `id_autor` int(11) NOT NULL,
  `id_materia` int(11) NOT NULL,
  `cantidad` int(11) NOT NULL,
  `num_pag` int(11) NOT NULL,
  `anio_edicion` int(11) NOT NULL
) ENGINE=InnoDB DEFAULT CHARSET=utf8mb4;

--
-- Volcado de datos para la tabla `libros`
--

INSERT INTO `libros` (`id`, `titulo`, `id_editorial`, `id_autor`, `id_materia`, `cantidad`, `num_pag`, `anio_edicion`) VALUES
(1, 'EL GRAN LIBRO DE HTML5', 3, 4, 3, 10, 150, 2021),
(2, 'APRENDE PYTHON', 2, 2, 3, 20, 230, 1999),
(3, 'Javascript Eloquent', 3, 3, 2, 50, 180, 2021),
(4, 'LIBRO EDITADO', 2, 2, 2, 20, 150, 2021),
(5, 'NUEVO LIBRO', 3, 4, 2, 80, 158, 2020);

-- --------------------------------------------------------

--
-- Estructura de tabla para la tabla `materias`
--

CREATE TABLE `materias` (
  `id` int(11) NOT NULL,
  `materia` varchar(150) NOT NULL
) ENGINE=InnoDB DEFAULT CHARSET=utf8mb4;

--
-- Volcado de datos para la tabla `materias`
--

INSERT INTO `materias` (`id`, `materia`) VALUES
(1, 'BASE DE DATOS'),
(2, 'INGLES AVANZADO'),
(3, 'DESARROLLO DE SOFTWARE'),
(4, 'DISEÑO DE BASE DE DATOS');

-- --------------------------------------------------------

--
-- Estructura de tabla para la tabla `prestamos`
--

CREATE TABLE `prestamos` (
  `id` int(11) NOT NULL,
  `id_estudiante` int(11) NOT NULL,
  `id_libro` int(11) NOT NULL,
  `cantidad` int(11) NOT NULL,
  `fecha_prestamo` varchar(20) NOT NULL,
  `fecha_devolucion` varchar(20) NOT NULL,
  `estado` int(11) NOT NULL DEFAULT 1
) ENGINE=InnoDB DEFAULT CHARSET=utf8mb4;

--
-- Volcado de datos para la tabla `prestamos`
--

INSERT INTO `prestamos` (`id`, `id_estudiante`, `id_libro`, `cantidad`, `fecha_prestamo`, `fecha_devolucion`, `estado`) VALUES
(1, 1, 1, 1, '27/11/2021', '28/11/2021', 0),
(2, 1, 3, 5, '29/11/2021', '29/11/2021', 0),
(3, 1, 2, 20, '29/11/2021', '30/11/2021', 0),
(7, 3, 4, 2, '12/06/2022', '12/06/2022', 0);

-- --------------------------------------------------------

--
-- Estructura de tabla para la tabla `usuarios`
--

CREATE TABLE `usuarios` (
  `id` int(11) NOT NULL,
  `usuario` varchar(20) NOT NULL,
  `nombre` varchar(150) NOT NULL,
  `correo` varchar(50) NOT NULL,
  `clave` varchar(50) NOT NULL
) ENGINE=InnoDB DEFAULT CHARSET=utf8mb4;

--
-- Volcado de datos para la tabla `usuarios`
--

INSERT INTO `usuarios` (`id`, `usuario`, `nombre`, `correo`, `clave`) VALUES
(1, 'admin', 'Jose Maria Sandoval', 'admin@josemaria.com', 'admin'),
(9, 'pepe', 'Pepito', 'pepito@gmail.com', 'pepito'),
(10, 'admin', 'Elias', 'admin@elias.com', 'admin1');

--
-- Índices para tablas volcadas
--

--
-- Indices de la tabla `autor`
--
ALTER TABLE `autor`
  ADD PRIMARY KEY (`id`);

--
-- Indices de la tabla `editorial`
--
ALTER TABLE `editorial`
  ADD PRIMARY KEY (`id`);

--
-- Indices de la tabla `empresa`
--
ALTER TABLE `empresa`
  ADD PRIMARY KEY (`id`);

--
-- Indices de la tabla `estudiantes`
--
ALTER TABLE `estudiantes`
  ADD PRIMARY KEY (`id`);

--
-- Indices de la tabla `libros`
--
ALTER TABLE `libros`
  ADD PRIMARY KEY (`id`),
  ADD KEY `id_autor` (`id_autor`),
  ADD KEY `id_materia` (`id_materia`),
  ADD KEY `id_editorial` (`id_editorial`);

--
-- Indices de la tabla `materias`
--
ALTER TABLE `materias`
  ADD PRIMARY KEY (`id`);

--
-- Indices de la tabla `prestamos`
--
ALTER TABLE `prestamos`
  ADD PRIMARY KEY (`id`),
  ADD KEY `id_estudiante` (`id_estudiante`),
  ADD KEY `id_libro` (`id_libro`);

--
-- Indices de la tabla `usuarios`
--
ALTER TABLE `usuarios`
  ADD PRIMARY KEY (`id`);

--
-- AUTO_INCREMENT de las tablas volcadas
--

--
-- AUTO_INCREMENT de la tabla `autor`
--
ALTER TABLE `autor`
  MODIFY `id` int(11) NOT NULL AUTO_INCREMENT, AUTO_INCREMENT=5;

--
-- AUTO_INCREMENT de la tabla `editorial`
--
ALTER TABLE `editorial`
  MODIFY `id` int(11) NOT NULL AUTO_INCREMENT, AUTO_INCREMENT=5;

--
-- AUTO_INCREMENT de la tabla `empresa`
--
ALTER TABLE `empresa`
  MODIFY `id` int(11) NOT NULL AUTO_INCREMENT, AUTO_INCREMENT=2;

--
-- AUTO_INCREMENT de la tabla `estudiantes`
--
ALTER TABLE `estudiantes`
  MODIFY `id` int(11) NOT NULL AUTO_INCREMENT, AUTO_INCREMENT=7;

--
-- AUTO_INCREMENT de la tabla `libros`
--
ALTER TABLE `libros`
  MODIFY `id` int(11) NOT NULL AUTO_INCREMENT, AUTO_INCREMENT=7;

--
-- AUTO_INCREMENT de la tabla `materias`
--
ALTER TABLE `materias`
  MODIFY `id` int(11) NOT NULL AUTO_INCREMENT, AUTO_INCREMENT=5;

--
-- AUTO_INCREMENT de la tabla `prestamos`
--
ALTER TABLE `prestamos`
  MODIFY `id` int(11) NOT NULL AUTO_INCREMENT, AUTO_INCREMENT=8;

--
-- AUTO_INCREMENT de la tabla `usuarios`
--
ALTER TABLE `usuarios`
  MODIFY `id` int(11) NOT NULL AUTO_INCREMENT, AUTO_INCREMENT=11;

--
-- Restricciones para tablas volcadas
--

--
-- Filtros para la tabla `libros`
--
ALTER TABLE `libros`
  ADD CONSTRAINT `libros_ibfk_1` FOREIGN KEY (`id_materia`) REFERENCES `materias` (`id`) ON DELETE CASCADE ON UPDATE CASCADE,
  ADD CONSTRAINT `libros_ibfk_2` FOREIGN KEY (`id_autor`) REFERENCES `autor` (`id`) ON DELETE CASCADE ON UPDATE CASCADE,
  ADD CONSTRAINT `libros_ibfk_3` FOREIGN KEY (`id_editorial`) REFERENCES `editorial` (`id`) ON DELETE CASCADE ON UPDATE CASCADE;

--
-- Filtros para la tabla `prestamos`
--
ALTER TABLE `prestamos`
  ADD CONSTRAINT `prestamos_ibfk_1` FOREIGN KEY (`id_estudiante`) REFERENCES `estudiantes` (`id`) ON DELETE CASCADE ON UPDATE CASCADE,
  ADD CONSTRAINT `prestamos_ibfk_2` FOREIGN KEY (`id_libro`) REFERENCES `libros` (`id`) ON DELETE CASCADE ON UPDATE CASCADE;
COMMIT;

/*!40101 SET CHARACTER_SET_CLIENT=@OLD_CHARACTER_SET_CLIENT */;
/*!40101 SET CHARACTER_SET_RESULTS=@OLD_CHARACTER_SET_RESULTS */;
/*!40101 SET COLLATION_CONNECTION=@OLD_COLLATION_CONNECTION */;
